auc,accuracy,precision,recall,f1,average_precision
0.9255813953488372,0.8297872340425532,0.8369565217391305,0.8953488372093024,0.8651685393258427,0.9537278202395449
