n_features,cv_auc,test_auc
5,0.8085222428892506,0.8281183932346722
10,0.883517083641987,0.8864693446088794
15,0.8920878099378367,0.9099365750528541
20,0.8952256235705054,0.9260042283298097
